Paper,Year,Dataset,Users,Items,Interactions,Quantum_Method,Qubits,Simulator_Hardware,Baselines,Metrics,Main_Result,Limitation,Scalability,Reproducibility
"Collaborative Filtering using Variational Quantum Hopfield Associative Memory",2025,MovieLens,Subset,Subset,Small,"Variational Quantum Hopfield (VQC)",<20,Simulator,"Matrix Factorization, AutoRec","RMSE, MAE","Quantum Hopfield network learns embeddings with fewer parameters",Limited by simulator memory and noise,Small-scale demonstration,Code not consistently provided
"Quantum Semi-Random Forests for Qubit-Efficient Recommender Systems",2025,Amazon Reviews,Subset,Subset,Small,Quantum Random Forest,<15,Simulator,"Classical Random Forest, XGBoost","Precision@K, Recall@K","Maintains accuracy with exponentially fewer parameters",Does not test on real hardware with noise,Theoretical scalability,Hyperparameters often missing
"Estimating Quantum Execution Requirements for Feature Selection",2025,Synthetic / Proprietary,N/A,N/A,N/A,Extreme Value Theory (EVT) for QC,N/A,Analytical,Classical Feature Selection,Execution Time,Provides framework for bounding quantum overhead,Ignores specific QRAM architectures,Partially demonstrated,Mathematical formulation provided
"Consensus ranking by quantum annealing",2025,MovieLens/Synthetic,Subset,Subset,Medium,Quantum Annealing (QA),>100,D-Wave Hardware,Classical Borda count,"Kendall-Tau, NDCG","Annealer finds optimal consensus ranking faster for hard instances",Hardware topology limits direct mapping,Demonstrated at scale (Annealer),Hardware access required
"An Exponential Separation Between Quantum and Quantum-Inspired...",2024,Theoretical,N/A,N/A,N/A,Linear Systems (HHL related),N/A,Theory,Quantum-inspired classical,Complexity bounds,Proves exponential separation for specific linear problems,Not an end-to-end recommender,Theoretical scalability,Mathematical proofs reproducible
"Performance-Driven QUBO for Recommender Systems on Quantum Annealers",2024,Amazon/MovieLens,Subset,Subset,Small,QUBO / QAOA,Varies,D-Wave/Simulator,Classical ALS,NDCG@K,QUBO formulation improves ranking quality,Requires heavy classical preprocessing,Small-scale demonstration,Formulation provided
"CRUISE on Quantum Computing for Feature Selection",2024,Amazon,Subset,Subset,Small,Quantum Feature Selection,Varies,Simulator,Classical CRUISE,"Accuracy, F1",Quantum selection identifies better subset of features,Data loading cost ignored,Unsupported scalability claim,Partial code availability
"Quantum Algorithms for tensor-SVD",2024,Theoretical,N/A,N/A,N/A,Quantum tensor-SVD,O(log N),Theory,Classical tensor-SVD,Complexity bounds,Logarithmic dependence on dimensions,Assumes ideal QRAM availability,Theoretical scalability,Mathematical
"Graph Neural Networks on Quantum Computers",2024,Citation/E-commerce,Subset,Subset,Small,Quantum GNN (QGNN),<20,Simulator,"GCN, GAT","Accuracy, NDCG","QGNN achieves comparable results with fewer parameters",Barren plateaus in deep quantum circuits,Small-scale demonstration,VQC structures provided
"Quantum algorithm for large-scale market equilibrium computation",2024,Market Data,N/A,N/A,N/A,Quantum Optimization,N/A,Theory/Simulator,Classical Interior Point,Time complexity,Quadratic speedup for equilibrium,High circuit depth required,Theoretical scalability,Algorithms detailed
"Lower bounds for quantum-inspired classical algorithms",2024,Theoretical,N/A,N/A,N/A,Communication Complexity,N/A,Theory,Quantum models,Complexity bounds,Shows limits of dequantized classical models,Theoretical limits only,Theoretical scalability,Mathematical
